Sunday,,,Monday,,
Location,Category,Product,Location,Category,Product
617: Manchester,26: Pizzas - 29: Signature Deep Dish,3888: Build Your Own Pizza,617: Manchester,26: Pizzas - 29: Signature Deep Dish,
617: Manchester,26: Pizzas - 29: Signature Deep Dish,3914: Half & Half Deep Dish,617: Manchester,26: Pizzas - 29: Signature Deep Dish,
617: Manchester,26: Pizzas - 29: Signature Deep Dish,3889: BJ's Favorite Pizza,617: Manchester,26: Pizzas - 29: Signature Deep Dish,
617: Manchester,26: Pizzas - 29: Signature Deep Dish,3906: Pepperoni Extreme Pizza,617: Manchester,26: Pizzas - 29: Signature Deep Dish,
617: Manchester,26: Pizzas - 29: Signature Deep Dish,3905: Epic Five Meat Pizza,617: Manchester,26: Pizzas - 29: Signature Deep Dish,
617: Manchester,26: Pizzas - 29: Signature Deep Dish,3908: Barbeque Chicken Pizza,617: Manchester,26: Pizzas - 29: Signature Deep Dish,
617: Manchester,26: Pizzas - 29: Signature Deep Dish,3912: Chicken Bacon Ranch Pizza,617: Manchester,26: Pizzas - 29: Signature Deep Dish,
617: Manchester,26: Pizzas - 29: Signature Deep Dish,3910: Vegetarian Pizza,617: Manchester,26: Pizzas - 29: Signature Deep Dish,
617: Manchester,26: Pizzas - 29: Signature Deep Dish,3903: BJ's Classic Combo Pizza,617: Manchester,26: Pizzas - 29: Signature Deep Dish,
617: Manchester,26: Pizzas - 29: Signature Deep Dish,,617: Manchester,26: Pizzas - 29: Signature Deep Dish,3890: Build Your Own Pizza
617: Manchester,26: Pizzas - 29: Signature Deep Dish,,617: Manchester,26: Pizzas - 29: Signature Deep Dish,3921: Half & Half Deep Dish
617: Manchester,26: Pizzas - 29: Signature Deep Dish,,617: Manchester,26: Pizzas - 29: Signature Deep Dish,3891: BJ's Favorite Pizza
617: Manchester,26: Pizzas - 29: Signature Deep Dish,,617: Manchester,26: Pizzas - 29: Signature Deep Dish,3917: Pepperoni Extreme Pizza
617: Manchester,26: Pizzas - 29: Signature Deep Dish,,617: Manchester,26: Pizzas - 29: Signature Deep Dish,3916: Epic Five Meat Pizza
617: Manchester,26: Pizzas - 29: Signature Deep Dish,,617: Manchester,26: Pizzas - 29: Signature Deep Dish,3918: Barbeque Chicken Pizza
617: Manchester,26: Pizzas - 29: Signature Deep Dish,,617: Manchester,26: Pizzas - 29: Signature Deep Dish,3920: Chicken Bacon Ranch Pizza
617: Manchester,26: Pizzas - 29: Signature Deep Dish,,617: Manchester,26: Pizzas - 29: Signature Deep Dish,3919: Vegetarian Pizza
617: Manchester,26: Pizzas - 29: Signature Deep Dish,,617: Manchester,26: Pizzas - 29: Signature Deep Dish,3915: BJ's Classic Combo Pizza
617: Manchester,Missing key Restaurant:getCateringCategory:617:230,,617: Manchester,Missing key Restaurant:getCateringCategory:617:230,
